app,category,sentiment,summary,aspects,opinions
Al Habib,APP#DESIGN_FEEDBACK,negative,"10 characters 20 symbols what is this yar phir open b nhn hota I'm trying to change my password but it keeps giving me errors about password length, or number or digits. this and that. so i know them. how would i know what r the requirements to create a password if you never tell them to the user? do you guys not know your own customers??","yar phir open b nhn hota, password",
Al Habib,APP#DESIGN_FEEDBACK,positive,In transfer option to other bank kindly add light transfer digits. When I select other bank name then automated display light ( 14 digits account No.) just like BAHL 17.,transfer option to other bank,add light transfer digits
Al Habib,APP#FEATURES,neutral,Just an average banking application. Requires a lot of improvement. Good attempt for banking app but take a hint from your other peers. Please add some effort on user friendliness and availability of service.,"banking application, Bakwas application h, banking app, app, account","average, Good, Log in"
Al Habib,APP#GENERAL_EXPERIENCE,neutral,Al Habib digital Bink,bink,
Al Habib,APP#GENERAL_EXPERIENCE,positive,I can get some rest today and I'll come get you tomorrow to see if I can find a pimple ok. I have good experience. I think it's just wanted you can do that if that is okay sister is okay. I try first time I hope this very well I want to be very well and mother Best for any busines man Very good.,"pocket, experience, Fit, u, Biomatric, luck","recommended, Good experience, poorly, nice, better, useful, good, well, Not bad, excellent, simple, great, Best, Nice, Wonder"
Al Habib,APP#PERFORMANCE,positive,"I always have issues when I use your online banking application. It's too slow and sometimes doesn't work properly, like not opening despite trying again and again. I'm sorry to say that I also use the Meezan Bank Application, which is very fast and simple. Your IT professionals must focus on making it better.","BAHL, application, easypaisa application, App, UI, app, installing, Save Receipt option, app performance, Application Ui, digital banking app, app loading speed, problams, bank al habib mobile app, meezan Bank Application, Visible improvements, HBL App installation","good experience, Good experience, fast, easy, Solve, Please Enter, useful, helpful, smooth, Please Upgrade, visible, take only few seconds, Top Class, Helpful, supporting, awsome, amazing, improving, good, improved, perfectly, Safe n secure, improve, better, Good, working"
Al Habib,APP#PRICING_FEEDBACK,negative,Such a cheap app and poor system. 3rd class app and operating system. Never work on time whenever an urgent matter,app,cheap
Al Habib,APP#USABILITY,positive,Very easy to use and futuristic Very good very easy to used I hv been using it for around 6 months or more n found it too helpful in transferring amount n work too good without any issues.,,"helpful, good, easy, Secure"
Al Habib,APP#USABILITY_FEATURES,negative,"Al Habib Mobile app offers a convenient banking experience for customers of Al Habib Bank. It provides features like account management, fund transfers, bill payments, and transaction tracking with a user-friendly interface. The app ensures secure and efficient banking on the go. However, users may occasionally face issues with app performance or customer support.","meezan aap, e receipts, Application, app, UI, user interface, biometric feature","not user friendly, Enhance, not a user-friendly, Pathetic, not a user friendly, out dated, hard to use, low user friendly, secure and efficient banking on the go"
Al Habib,APP#USABILITY_FEATURES,neutral,How to delete transactions from this app. I want to delete my,app,delete
Al Habib,APP#USABILITY_FEATURES,positive,"Al Habib Mobile app offers a convenient banking experience for customers of Al Habib Bank. It provides features like account management, fund transfers, bill payments, and transaction tracking with a user-friendly interface. The app ensures secure and efficient banking on the go. However, users may occasionally face issues with app performance or customer support.","bank apps, application, meezan bank app, App, Al Habib Mobile app, app","easy to use, satisfied, Update, ausome, use this, useful, good, Simple, convenient banking experience, user friendly, easy"
Al Habib,ATM_SERVICE,negative, transaction history is horrible. No details of sender no details of bank just telling amount now you should upgrade this. Very slow and main problem is transaction history.,"transaction history, bank","horrible, no details"
Al Habib,BANK_REPUTATION,positive,Meezan bank use krte ho ge. Intehai ghatiyaa aap hai. Bank,Bank farigh logo,
Al Habib,BIOMETRIC#GENERAL,negative,Ab tu biometric pr ruk jatti hy login he ni ho rhe bakwas fed up jab ap aik tech ko proper validate ni kr skty tu q rakh det,biometric,fed up
Al Habib,BIOMETRIC#GENERAL,positive,Good scarves üòäüòÑüòÑ,scarves,Good
Al Habib,BIOMETRIC#LOGIN_ISSUES,negative,"Before setting biometric verification on your app, all was smooth! And now my fingerprints are always said to mismatch, shows error, and I'm unable to login or carry out anything! 2 star!","Password reset, fingerprints, balance checking","problem, awful"
Al Habib,BIOMETRIC#PERFORMANCE,negative,"I am trying to login in iphone 16 Pro, but four finger biometric is not working. When I called the helpline, it was said that there is a problem with your mobile. They have no other option to login. As I am currently overseas, It's really becoming difficult to cope with this Your IT team's attention to this matter will be very great.","bugs, biometric scanning feature, finger recognition system, Fingers, biometric verification screen, Biomatric system, four finger biometric, biometric feature","too much, not working, fails to recognize, Stuck, disgusting, issue"
Al Habib,BIOMETRIC#PERFORMANCE,positive,Fix ur bugs,bugs,Fix
Al Habib,BRANCH_SERVICE,positive,Best ever banking experience since 1 year of using of net banking and all other services compare to other banks in Pakistan. Online banking app is good. Branch is exceptional. Electronic banking and Credit card service is the worst of the work and pathetic service. If you want to jave a continuous pain in your... Life then welcome Amazing your services.,"banking experience, Branche, experience, work, security, service, staff, Bank al habib, job, Bank Al Habib, services","love, Great good, commendable, Well, Amazing, 3rd class, helpful, Good work, outstanding, exceptional, Compare, Good, great, Best, Third class, Easy"
Al Habib,CUSTOMER_SUPPORT,neutral,I have the banking,banking,
Al Habib,CUSTOMER_SUPPORT,positive,This is frustrating process and not for professional it is completely wasting of time. Please compare other banks app like meezan bank. Bank Al Habib is a good bank but one problem is that its features are very difficult. The whole point on online banking is to make the process fast and convenient. I am definitely gonna stop using this bank from now on.,"fozal bank, alhabib Bank, AL HABIB BANK, pakistan al Habib bank, online banking, My Favorite Bank, security service, net banking, Bank Al Habib, e statment, dene ki waja mera account hai is bank mein, online banking alhabib, Bank, Bank al habib, meezan bank, customer, bank of pakistan, wht certificate balance certificate, Mazakh banadia banking, Ghtiya tareen ap ghtiya tareen bank, biometric system, debit card issuence option, bank, Bank-AlHabib, fingerprint services, bekar bank he koi facilities","good experience, Great job, Good experience, best, need to improve their, comparing, exelent, Excellent, 3rd class, secure, Favorite, nice, good, provide, like, fast and convenient, Compare, Good, Best"
Al Habib,DELIVERY_RELATED_FEEDBACK,negative,Al Habib ATM doesn't allow cash deposit. I send payment but uts not showing in fund history means no receipt available in history. What's the reason behind this? Aren't all Al Habib ATMs configured for cash deposit?,"payment, Al Habib ATM",disappointing
Al Habib,DELIVERY_RELATED_FEEDBACK,positive,CNN.com,transfer money,Easy
Al Habib,DEVICE#PERFORMANCE,negative,"I am trying to login in iphone 16 Pro, but four finger biometric is not working. When I called the helpline, it was said that there is a problem with your mobile. They have no other option to login. Crashing while opening Not working properly and having no options to understand Biometric issues.","phone, performance, maintain, Performance, device, biometric, process, working properly, iphone 16 Pro, samsung s8, Bed experience, essu, it, IT department, laagy","Crashing, Not working properly, trying to login, error, Unable to add finger prints, hang, Not working, not registering easily, hanging, errors, frustrating, slow, crashing, stucks, poor, better, poor performance, bad, difficult"
Al Habib,DEVICE#PERFORMANCE,positive,"Great app and good working Good üëç working Nice good performance Its working great... It's working fine, but sometimes it stucks..... its working good.","working, performance, working fine, cystomer","better, good, Good, fine, great"
Al Habib,ENVIRONMENT_FEEDBACK,negative,Unfriendly staff. Pathetic ATM machines 10 years old method of dealing with customers. Card always stucks in machine .. and staff is never ready to take any action.,ATM machines,pathetic
Al Habib,LIGHTING_OR_LOCATION_ISSUE,negative,The date of birth is 45. The place of death is 45 miles from the birth place. The age of the child is 45 years and 45 years.,Date of birth,
Al Habib,LOCATION_FEEDBACK_MISC,neutral, where is nfc Hmm l,"loo c by, nfc",Hmm
Al Habib,LOCATION_FEEDBACK_MISC,positive,Vijay Kumar chumrani Good for ues Verey good I like it Masla a ja ha bar bar Veri naic benk Very good expere,"Masla a ja ha bar, Nayat he baqwat hy, ues, Verey, Bilal Ali gJy, Vijay Kumar chumrani, expereince, Veri naic benk","bar, good, Good"
Al Habib,LOGIN_SECURITY_ISSUES,negative,Always says incorrect pasaaword,pasaaword,incorrect
Al Habib,MISC#APP_FEEDBACK,positive,Al habib good bink,"bink, trash","good, total peace"
Al Habib,Miscellaneous,negative,Bank al Habib has poor IT banking system and all online google / app are worst quality. More improved but heavy size may cause loading on small memory mobile phones. Unfriendly staff.. Pathetic ATM machines 10 years old method of dealing with customers. Card always stucks in machine and staff is never ready to take any action... -0*,"card, processing, online google / app, memory mobile phones, sender, ssl pinning","stucks in machine, worst quality, slow, impressed, failed, no details"
Al Habib,SCREEN#GENERAL_FEEDBACK,negative,Very bad experience becz when I put my date of birth it shows me that you have intered wrong date. on the other hand I wrote it correct..,date of birth,bad
Al Habib,SCREEN#ISSUES,negative, Login Biometric not working. It displays black screen with continueously loader in Hot 30 Play. Can't get passed biometric screen! It needs to be resolved. What if someone's phone's camera is not working??? Then how to use this app?? After some tries without camera you block the user name!!? Very bad experience.,"biometric screen, phone's camera, screen, mobile screen","error message, Can't get passed, bad"
Al Habib,SUPPORT#PERFORMANCE,negative,Despite updating to latest version it sends OTP very very late. Unable to activate e commerce on debit card using debit management.,e commerce on debit card,Unable to activate
Al Habib,SUPPORT#PERFORMANCE,positive,It is fast,bank channel,fast
Al Habib,SYSTEM#DESIGN_FEATURES,negative,"This is perhaps the most pathetic banking app you'll ever use. After every week, I get 4 messages within a minute that login attempt was unsuccessful, when I'm not even using my mobile. Then it gets locked and I have to call customer service every week to get it unlocked. Don't Ever Use This, You'll Regret.",interface,poorly designed
Al Habib,SYSTEM#PERFORMANCE,negative,This is worst banking app of Bank al Habib. It never works on my mobile and each time i need to uninstall it and again install then it works. BAHL has poor IT banking system and all online google / app are worst quality. Out of 10 i may give my rating 1 or less.,"performance, IT banking system, device cooling time",poor
Al Habib,SYSTEM_UI,negative,"Such a cheap app and poor system. 3rd class app and operating system. Never work on time whenever an urgent matter Worst UI, worst app, hard to use. If there are any negative markings I would go for that.","system, UI, OS","Worst, poor"
Al Habib,UI_UX#DESIGN,negative,"BAHL mobile app fullfil the needs of everyone but its front surface looks old. Not enough space for app update, I do earliest Pl. It cannot be installed on vivo y33s, dont know","vivo y33s, space, front surface","Not enough, old"
Al Habib,UI_UX#DESIGN,positive,Mostly features are dummy,dummy,
Al Habib,UNCLASSIFIED_ISSUES,,"   ¬†‚Äò‚Äô‚Äô   ‚Äò‚Äù‚Äô ‚Äô‚Äâ‚Äô¬†‚Äô,  ‚Äú‚Äù, ‚Äù‚Äù. ‚Äú,‚Äù  ‚Äù,‚Äú‚Äú,¬†‚Äù and ‚Äù""‚Äô.‚Äù",,
HBL,APP#COST_FEEDBACK,negative,Paid 2600 for my package. Money has been deducted but package isn't activated.,package,Paid 2600
HBL,APP#DESIGN_FEEDBACK,negative,"When tap Transaction Notification, then tap Save Button, there is BLANK (white) image saved in Gallery. Add a refresh button for Bill Payments, because there has been showed previous bill. Frustrating Experience and Poor Support - I needed to download an e-statement that required ID verification. Despite multiple follow-ups and even visiting the branch, the issue still isn‚Äôt resolved. I‚Äôm closing my account and moving to a more reliable bank.","e-statement, Transaction Notification, BLANK (white) image","required ID verification, Save Button"
HBL,APP#DESIGN_FEEDBACK,neutral,There is ready cash option in the HBL mobile,HBL mobile account,
HBL,APP#DESIGN_FEEDBACK,positive,very secure app,app,secure
HBL,APP#FEATURES,neutral,Fazol app download ni hoti Good future but I suggest to add raast id delet options in hbl app. Is it necessary to visit the concerned branch for biometric verification or we can do this through HBL Mobile app?,"fazol app download, hbl app, HBL Mobile app, bakwas app verification","okay, Good"
HBL,APP#GENERAL_EXPERIENCE,positive,Loan ka option log in k foran Baad e AA jata h or yes k ilawa proceed krta he nhe hai loan k Liye calls b boht aayi Hain Best experience so far. Everything's perfect just sometimes it's lacking and not opened. Very nice.,"experience, reacct HBL, HBL, Working, budget, ap, One Window Solution","love, perfect, amazing, nicely, best, divide, nice, Excellent, helpful, good, excellent, Great, Good, Awesome, Best, great, Nice"
HBL,APP#PERFORMANCE,neutral,How to Biometric activation at home..?? Please update my hbl app notification of app should be optional and not,"Biometric activation, hbl app, notification of app","How, optional, please update"
HBL,APP#QUALITY_FEEDBACK,negative,Very bad experience,quality,poor
HBL,APP#USABILITY,positive,The process of transection is realy good Good experience to use. Beneficial for online purchasers good and easy to use good for online buyers.,"experience, process of transection","good, easy, Good"
HBL,APP#USABILITY_FEATURES,negative,"Your Transaction Limit feature is very frustrating. It's hard to set the exact amount just give a simple option to type the amount. After changing one limit (like QR transfer), the app locks for 2 hours. Let us change all limits at once before locking the app. AOA....HBL app is not suitable for RAAST fund transfer.... payment HBL account se cut jaati Hai laiken beneficiary' account mein nai jaati.","view statement add on, App, Transaction Limit feature, mark-up/interest charges, credit cards, HBL app, app","allow to add a benificiary account or utility bills, forcibly offering, frustrating, convenient, not suitable, friendly, wasting users time"
HBL,APP#USABILITY_FEATURES,neutral,How to registere Email in,HBL app,registere Email
HBL,APP#USABILITY_FEATURES,positive,"This app is very helpful and secure to use . add kuickpay feature for credit card customers. This app use is very easy & helpful. I am using this app and satisfied with this. Initially, I found this application very easy and suitable to use, but over time, I realized that it is extremely useless and has features.","app use, application, HBL Mobile App, asslam.o.alaikum, aap, App, Hbl application, reminders, days before the due date, M- Tag recharge option, options, app, features, app notifications, kuickpay feature","loved, satisfied, user-friendly, best, add, helpful, useful, Excellent, comfortable, good, user friendly, great, friendly, easy and suitable to use, easy"
HBL,ATM_SERVICE,negative,I'm facing issue that my transactions are shown in transaction activity after few days. transferred amount is deducted instantly and do not receive by beneficiary on the spot. what is the issue. I'd like to know.,"transaction activity, transactions",
HBL,BANK_REPUTATION,neutral," sb se bekkaar ap ,otp type",sb,
HBL,BANK_REPUTATION,positive,Good attempt by the HBL but it's UI is not good like Jazz Cash. please work on your UI. MAA Sha Allah very good working Easy & Interactive v alwayz have money hbl good bank my favourite Bank hbl Good luck HBL HBL is very best and Easy Application Love you HBL.,"v alwayz, Easy & Interactive, Bank of Pakistan, MAA Sha Allah, HBL, Bank hbl, hbl, Hbl","favorite, best, nice, good, Good attempt, grateful, Thanks, Thankful, Good luck, Best, easy"
HBL,BIOMETRIC#GENERAL,negative,"Finger prints k Verification krta howa ""uncertain results """,Finger prints,uncertain results
HBL,BIOMETRIC#GENERAL,positive,"The most good looking interface & exquisite features, an brilliant debit card, and the swiftest internet banking",debit card,brilliant
HBL,BIOMETRIC#LOGIN_ISSUES,negative,"The app sends me a otp code containing alpha numeric characters. When i try to enter otp, the keyboard does not open. After several attempts when it opens, only number input is available, not alphabets, so uli cannot register my device. I bought new cell when i tried to log in space button not working in app. while my user ID contain space. now how i log in???","key board input panel, keyboard, password, space button",forgot
HBL,BIOMETRIC#PERFORMANCE,negative,"Fingerprint issues cannot be resolved. Unable to do biometric verification, camera doesn't open.","fingerprint issues, camera",
HBL,BIOMETRIC#PERFORMANCE,positive,Bio Metric verification should also be made available on digital channels like HBL Mobile. Good tool of ease,tool,Good
HBL,BRANCH_SERVICE,positive,"This app is very helpful very Good service and had privacy To be frank Hbl services and staff are pathatic, they are the laziest staff I found around, they kept waiting customers for hours and even their is no solution for copy, they asked often customer to bring paper with them to make a copy of their document...very rude staff all the time just talking around.","developer work, Services, HBL APPLICATION, service, staff, luck, meezan bank, HBL Team, HBL Pakistan","well done, nice, Outstanding, Excellent, good, Safe and Secure, excellent, Blessed, Good, Appreciated, laziest"
HBL,CARD_SETTINGS_SUPPORT,positive,Good and easy to use avalibale all kind of mobile,mobile banking facilities,Good
HBL,CUSTOMER_SUPPORT,neutral,Is it necessary to visit the concerned branch for biometric verification or we can do this through HBL Mobile app?,biometric verification,needs to visit
HBL,CUSTOMER_SUPPORT,positive,"HBL Bank is great, but I don't like that I don‚Äôt receive SMS alerts for debit transactions‚Äîonly push notifications. If you add Payoneer withdrawal options like Faysal Bank that would be a plus point. HBL application is too slow to function smoothly for last 4 days. please fix it.","bakwas bank, credit card processing option, response, Digital Banking, MASHA ALLAH HBL BANK, customer support, credit card, helpline, Pakistan Bank, bed response helpline, customer service, Faysal bank, Payoneer withdrawal options, banking system, HBL Bank, bank, support team, banking, ghatya service, mobail banking, Allied Bank, e banking, Support, HBL BANK FAVOURITE FAVOURITE BANK","love, FAVOURITE, plus point, best, nice, Excellent, Good working, excellent, good, 3rd class, prompt response, Thanks, great, Best"
HBL,DELIVERY_RELATED_FEEDBACK,negative,Good but there is always room for improvement. if we go in the past transaction we cannot take receipt but now it has been updated Unable to find/filter old Bill payments receipt of 1Bill-Invoice paid in June 2024 in transaction activity after latest update.,Bill payments receipt,"Unable to find, Good"
HBL,DELIVERY_RELATED_FEEDBACK,neutral,Please add the amount in Words and commas in figure in payment slip. developer bro please consider,payment slip,
HBL,DEVICE#PERFORMANCE,negative,"I'm unable to register my mobile phone while travelling abroad since I no longer have my sim. When logging in with a different mobile number, the app tries to verify through biometric fingerprint scan through camera, which never works. It is saying that my device is rooted or jail breaked, and the app is not working at all. Please fix this issue as soon as possible.","loan, mobile phone, pta phone, device","unable to register, not working well, distracting, rooted or jail breaked, fine, error"
HBL,DEVICE#PERFORMANCE,positive,Good and easy very good performance easy and good. good working,appas,"good, easy, Good"
HBL,ENVIRONMENT_FEEDBACK,negative,Very bad band I nor satisfied it,band,bad
HBL,ENVIRONMENT_FEEDBACK,positive,V nice all facility good hello hello hello y credit card records not showing my ap.,facility,nice
HBL,LIGHTING_OR_LOCATION_ISSUE,positive,Very good app Pakistan and good,Pakistan,good
HBL,LOCATION_FEEDBACK_MISC,negative,I'll not recommend HBL to anyone! I can't take photos of cnic plus slow to submit the application of acount oppening biometric. Aik to Quetta men net nahin he oper se in k nakhry. HBL se guzarish hai k is masla ko thik kare plzzzzzzz ma Saudi Arabia.,"HBL, cnic","slow, not recommend"
HBL,LOCATION_FEEDBACK_MISC,neutral, transection show nahi horahi Kal rat se,nahi horahi Kal rat se,
HBL,LOCATION_FEEDBACK_MISC,positive,Pakistan is very best banking very nice mobail banking so nice im very happy to all stafs for banks attack city. boht zalil krti hai,"nhi hoti, Pakistan",best
HBL,LOGIN_SECURITY_ISSUES,negative,Maine 3 devices par login Karne ki try ki hai par same issue araha hai. sign-in par OTP enter karte time Keyboard open,keyboard,
HBL,MISC#APP_FEEDBACK,negative,"We're frustrated with the complaint submission process. Every issue is met with generic responses that don't address our concerns. We need meaningful support, not repetitive automated replies. Salary credits delayed till the 8th are unacceptable. We have urgent expenses like fees, rent, and medical bills. If timely credits aren't possible, perhaps it's best to reconsider your banking services.","fees, HBL digest ur money, rent, and medical bills, Raha hay kia masla hay, expensive expenses","failed, urgent, frustrating"
HBL,MISC#APP_FEEDBACK,positive,mashallah to good,mashallah,good
HBL,Miscellaneous,positive,"everything is just on front Page rate it five star but one thing must be addes is the changing and and updating of mobile number and g mail address for those who have not registered their Gmail. I tried 3 times in last seven days to get NPC (PKR) , took more than a week. HBL App doesn't show total investment in NPC incl Amount / tenure / / maturity dates etc etc.","other Banking apps, app quality, g mail address, transfer, HBL Change OTP To T Pin, 4G data rat 8, mobile number","Appreciate, improve, Super Fast, improving"
HBL,PAYMENT#STUCK,negative,Low speed of transaction and low speed of,,low
HBL,SCREEN#GENERAL_FEEDBACK,positive,"Overall, this app provides a positive user experience with a robust set of features and excellent stability. The interface is clean and minimalistic, though there is room for enhancement‚Äîparticularly in optimizing the home screen layout to better utilize space for additional functionality. The app is free and available for iOS and Android devices.","home screen layout, interface","optimizing, clean and minimalistic"
HBL,SCREEN#ISSUES,negative,"After signing in, Loan Offering dialogue display is not removing from the main interface while clicking Yes Or No whatever. Lowering my rating now. There is a serious glitch in the app. It keeps on pooping up on my screen and opens up without any reason. When i open the app i cant see my balance. the screen just loads and nothing appears. you guys need to fix this.","dashboard, dialogue display, screen",
HBL,SUPPORT#PERFORMANCE,negative,"Good app, but sometimes sms service takes too long!!! Showing very poor response. Transaction is giving error again and again. Very bad update after introducing T PIN option.","sms service, Transaction, informing messaging","not satisfied, giving error, takes too long"
HBL,SUPPORT#PERFORMANCE,positive, easy to use smooth functioning as compared to other banks of Pakistan,,easy
HBL,SYSTEM#PERFORMANCE,negative,"This app used to be excellent, but recent changes have completely ruined the user experience. Forcing users to enable notifications just to open the app is manipulative and unacceptable. It‚Äôs clear the developers care more about pushing ads and engagement metrics than respecting their users.",user experience,user-unfriendly
HBL,SYSTEM_UI,negative,Good attempt by the HBL but it's UI is not good like Jazz Cash. please work on your,UI,not good
HBL,UI_UX#DESIGN,negative,"There is only one problem that the balance is not being hidden. Poor configuration, can't change device if you login using one. Please work on it.","balance cutting, balance, OPT box, device","Poor configuration, Random"
HBL,UI_UX#DESIGN,positive,"The most good looking interface & exquisite features, an brilliant debit card, and the swiftest internet banking application. I am very satisfied.","features, interface","amazing, good looking"
HBL,UNCLASSIFIED_ISSUES,,The worst banking v,banking vvvvvv,
HBL,UTILITIES#PERFORMANCE,positive,good for fast transmission,,good
Meezan Bank,APP#COST_FEEDBACK,positive,So cheap ui even jazzcash and easyp,ui,cheap
Meezan Bank,APP#DESIGN_FEEDBACK,negative,"This app is definitely better than the Classic one in terms of design and features. However, the two apps are not synchronized properly. This app doesn't show all the beneficiaries, and when we try to add them manually, it says ""duplicate entries not allowed"" Because of this, we‚Äôre forced to keep both apps, which isn't a great experience.","app, both apps",not synchronized properly
Meezan Bank,APP#DESIGN_FEEDBACK,positive,"This app is definitely better than the Classic one in terms of design and features. However, the two apps are not synchronized properly. This app doesn't show all the beneficiaries, and when we try to add them manually, it says ""duplicate entries not allowed"" Because of this, we‚Äôre forced to keep both apps, which isn't a great experience.","OTP, app, Mobile App","well-designed, nice looking, better, Create, interesting"
Meezan Bank,APP#FEATURES,neutral,"What's the difference between the Meezan Bank classic and this meezan banking app? I myself using an old classic app, but why are new users using a new one",meezan banking app,
Meezan Bank,APP#GENERAL_EXPERIENCE,,I like ‚ù§Ô∏è‚ô•Ô∏è‚ô•Ô∏è‚ô•Ô∏è,,like
Meezan Bank,APP#GENERAL_EXPERIENCE,negative,Most pathetic version ever needs more improvements very bad 2 days go update bad bad. ver bad experience Not good this version it's very banificial. sir ma ghr bethay apni daily limit kasay increase kr Sakta ho sir.,version,"bananaficial, Not good, terrible, pathetic, bad"
Meezan Bank,APP#GENERAL_EXPERIENCE,neutral,CNN.com,,ok
Meezan Bank,APP#GENERAL_EXPERIENCE,positive,"An option for recharge balance for sim card should be available too and also statement of our transactions. Benefeciaries should be saved in ,and all the details of our transaction when and where we have made transaction which charges have been deducting and the most important statement should be showin to us in our mobile app. I am satisfied Much better than previous one nice experience.","experience, check book, AAP, option for recharge balance","best, Great, Nice, satisfied, AVG, available, solved, impressed, great, safe, amazing, improvements, well done, nice, good, Good luck, better, excellent, like, high class, Good"
Meezan Bank,APP#PERFORMANCE,neutral,It is advisable to get final authentication from app user before proceeding to any transactions. Sir when will the transaction PIN option be available in the new Meezan Bank beta app?,"app user, transaction PIN option","advisable, available"
Meezan Bank,APP#PERFORMANCE,positive,"The new Meezan Bank app is a significant improvement‚Äîfast, user-friendly, and visually appealing. Transactions process quickly and securely. Live chat not working, otherwise a good app with decent UI. Extremely disappointing application. It rarely opens on the first attempt, and transferring money is nearly impossible without encountering multiple errors at every step.","app off money transfer, application, transfer, easy digital account, App for Banking, meezan app, new version, Application, Meezan Bank app, User Interface & Functionality, credentials, App, star-rating, updating, 5 Star Rating, login, app, Navy, classic app, digital Banking with Meezan",", exclusive, resolved, fast, successfully, Great, Convenient, enough, smooth, fine, Improved, improvement, cool, nice, good, well, prompt, better, significant improvement, Good, Best, working, Easy"
Meezan Bank,APP#USABILITY,positive,"It's very Easy to use easy to use, good ui, safe and protected.. user friendly, swift. Easy to used. very nice and easy use thanks good and esly use quite good.","ui, use","nice, good, friendly, Easy, easy"
Meezan Bank,APP#USABILITY_FEATURES,negative,"Roshan digital account allows users to login via web browser. Mobile app doesn't work for security reasons, you have to use web browser, why not open the apps in mobile? I,m okay with it but there no any option to save contacts or ids .everytime I neend to transfer have to add bank I'd again and again.","Roshan digital account, apps",okay
Meezan Bank,APP#USABILITY_FEATURES,neutral, app should add debit card apply,app,
Meezan Bank,APP#USABILITY_FEATURES,positive,"The app is well-designed and functions smoothly. Kindly enable beneficiary sync from the old app to the new one to avoid the need to re-enter details. Also, please consider adding a dark mode option for better user experience. I just opened my digital asan account it's very easy to use n very good service.","digital asan account, application, interface, beneficiary sync, dark mode option, online biometric option, notification channels, Bank, Meezan banking app, mobile app, app, account, oxm interface","better user experience, easy to use, love, Useful, amazing, nice, simple, good, enable, use different, Great experience, Nice, easy"
Meezan Bank,BANK_REPUTATION,negative,"I'm compelled to express my deep disappointment with the handling of my complaints. Despite multiple submissions, none have been adequately addressed. This lack of resolution raises questions about the bank's commitment to customer satisfaction. I've provided evidence of the issues, including problems with the mobile application. However, your responses have been unhelpful, failing to address the root causes.","bank's commitment to customer satisfaction, Huawei","Not working properly, questioning"
Meezan Bank,BANK_REPUTATION,positive,thank you Meezan üè¶BANK,,thank you
Meezan Bank,BIOMETRIC#LOGIN_ISSUES,negative,"Finger print does not work. cannot login anymore giving error in card option not showing balance section. trying several of times but did not getting register. Documents are verified by NADRA but continue button not working, should have tested the app before going live.","continue button, register, finger print, card option",
Meezan Bank,BIOMETRIC#PERFORMANCE,negative, register for digital binking is,register,
Meezan Bank,BRANCH_SERVICE,neutral, update ho to nh Rahi.. aur na e account,Rahi,
Meezan Bank,BRANCH_SERVICE,positive,"Meezan Bank provides very good service. The staff is helpful, and the bank is also very safe and secure. I highly recommend Meezan bank to all thank you for my best experience thanks for service that's for asking you r service's is so good excellent service after meezan 2.0 launch. Mufti Taqi usmani shab thanks for your Islamic banking research best service.","Meezan Bank, servers, mezan, VIP, management, MashAllah, service of meezan bank, mezan service, Service, work, service provider, staff, Work, service's, service, job, Banking Services, services, Service Provide","best, fast, Great, Nice, easy, quick, Excellent, helpful, Simple, great, thanks, nice, gud, good, Good Working, thank you, better, excellent, Good, Best"
Meezan Bank,CAMERA#PERFORMANCE,negative,Camera does not open for your touch less scan...if in case open it will show you finger print does not match. pathetic... better to close this aap.,camera,pathetic
Meezan Bank,CARD_SETTINGS_SUPPORT,positive,Meezan Bank easy to use,Meezan Bank,easy to use
Meezan Bank,CUSTOMER_SUPPORT,positive,"Meezan Bank is Pakistan‚Äôs first and largest Islamic bank, providing financial services in accordance with Shariah principles. Started getting failed login alerts of my Meezan mobile app only with a week of getting my new account and mobile app. The staff is helpful, and the bank is also very safe and secure.","Meezan Bank, Payoneer, Meezan Bank for Riba Free Banking Ameen, Meezan Digital Bank, Transaction Reference, online banking, bank of Pakistan, Meezan bank, hota bank, customer service, mobil banking, meezan bank limited, NICE BANKING NETWORK, Pakistan's Best Bank, meezan bank, customer, best bank of pakistan, Pakistan Slute To Meezan Bank Ceo, bank  account, mashallah, HBL Limited Bank, meezan, agar pension account, other banks, bank, internet banking, tysm meezan bank, banking, mezan bank services, payment, bank meezan, mezaan bank online or offline","safer than these, present, best, good service, convenient, Kindly Add, first and largest Islamic bank, good performance, satisfied, Thank You, helpful, great, safe, liked, secure, amazing, thanks, nice, good, partnered with, love, thank you, excellent, like, Thanks, recommend, Good, Best, well-done"
Meezan Bank,DELIVERY_RELATED_FEEDBACK,negative,"1bill invoice has 14, or 15 digits,,, please resolve this isaue. Branchless banking feeld has show 20 digits, but it has only 9 digits, thees two issues i have face thanks.","payment, 1bill invoice",Raast
Meezan Bank,DELIVERY_RELATED_FEEDBACK,neutral, transaction comments should be shown on the,receipt,Transaction comments
Meezan Bank,DELIVERY_RELATED_FEEDBACK,positive,good transfer meezan,transfer meezan,good
Meezan Bank,DEVICE#PERFORMANCE,negative,"Extremely disappointing experience trying to log in from my new phone. Despite multiple visits to the branch and countless calls to the call center, I‚Äôve had no success. The authentication process is frustrating, and the system consistently fails to verify my CNIC through NADRA. I'm seriously considering closing my account and switching to a bank with a more reliable and user-friendly mobile application.","phone, meezan classic, meezan 2.0, mobile, balance view, new phone","disappointing, headache, bugs, best, long, not working, slow, bad"
Meezan Bank,DEVICE#PERFORMANCE,positive,"The new Meezan Bank app is a significant improvement. Navigation is smooth, and key features are easily accessible. Transactions process quickly and securely. I really love it. it's simple to operate. Realy fast transaction very nice and easy and fast progress Good working love it No Issues Was Found, Everything Works Smoothly.","transaction, key features, Transaction, use","love, nice, fast, easily accessible, Good, Smoothly, Easy, easy, Fast"
Meezan Bank,ENVIRONMENT_FEEDBACK,negative,Night mode hona cahiya.. very bed experience not make a account must add a feature of dark mood.,"night mode, bed",perfect
Meezan Bank,ENVIRONMENT_FEEDBACK,neutral,Just change the theme black as as old,theme,
Meezan Bank,ENVIRONMENT_FEEDBACK,positive,Owsem   very Attractive and Beautiful look in all sections but no all jazz packages you subscribe from here like jazz or easy. No option of daraz transfer plz issy add karain.,look,Attractive
Meezan Bank,LIGHTING_OR_LOCATION_ISSUE,negative,Qibla direction is not working I request please solve,Qibla direction,
Meezan Bank,LOCATION_FEEDBACK_MISC,negative,Meezan is not open after so many time trying.,"baaaaad, Meezan",Bad
Meezan Bank,LOCATION_FEEDBACK_MISC,neutral,I'm first time juwaeeng,juwaeeng,first time
Meezan Bank,LOCATION_FEEDBACK_MISC,positive,Kon Si date ko lagta hai Baar baar apdate mangtay han sahi Sy Kam he nahi krta Thank you Meezan Bank for lunching new features App God bless you all.,"yar, Meezan Bank, Kon Si date ko lagta hai, Baar baar apdate mangtay han, sahi Sy Kam, meezan","profit, nice, good, outstanding, bless, Thank you"
Meezan Bank,MISC#APP_FEEDBACK,negative,"Extremely disappointing application. It rarely opens on the first attempt, and transferring money is nearly impossible without encountering multiple errors at every step. The previous version of the app was significantly better ‚Äî easily a hundred times more efficient and user-friendly. sorry forgot to mention the service is very very poor bank is moving in the wrong direction.","mathod, fingerprints, transferring money","unfortunately, impossible, complicated"
Meezan Bank,MISC#APP_FEEDBACK,positive,nice good kuck,kuck,nice
Meezan Bank,Miscellaneous,negative,"The app rarely opens on the first attempt, and transferring money is nearly impossible without encountering multiple errors at every step. The previous version of the app was significantly better ‚Äî easily a hundred times more efficient and user-friendly. It does not work with Wi-Fi - Overseas. cant open on wifi worst experience UI wise ....very rough graphics.... should work on graphics quality.","wifi, feedback, graphics, Wi-Fi - Overseas, experience, cnic, amount putting section","MANDATORY, disappear, frustrating, rough"
Meezan Bank,Miscellaneous,positive,"The new Meezan Bank app is a significant improvement. It is fast, user-friendly, and visually appealing. Navigation is smooth, and key features are easily accessible. Transactions process quickly and securely. Live chat not working, otherwise a good app with decent UI. The best app is hbl mobile app they have all functions that are beneficial.","sim card, Transactions, transfer connection, benefeciaries, UI","decent, quickly and securely, fast"
Meezan Bank,SCREEN#GENERAL_FEEDBACK,negative,I am creating a Raast ID but it is not being created. It has been three days. My other bank's ID has been closed. I have been calling for three days but my issue not being resolved.,other bank's ID,closed
Meezan Bank,SCREEN#ISSUES,positive,"Both Meezan Bank apps don't work. My biometric verification doesn't seem to work, it takes blurry photos of my fingers every time. After ID verification the app just freezes for no reason.",phone's camera,fine
Meezan Bank,SUPPORT#PERFORMANCE,negative,i can't transfer online money with app almost time face errors and can't pay by my card the same issue i am facing with card. very bad experience for few days ago. unexpecting error occurred. i need to transfer some money in emergency but very very bad results.,master debit card,bad
Meezan Bank,SYSTEM#PERFORMANCE,negative,"Very, very poor UI/UX. Even login is not working properly worst experience UI wise ....very rough graphics.... should work on graphics quality update: Still not able to login. Does not verify finger print and also does not verify CNIC. stuck at login screen Extremely disappointing experience trying to log in from my new phone. The authentication process is frustrating, and the system consistently fails to verify my CNIC through NADRA.","UI/UX, login screen, system, UI","basic, poor, frustrating, worst"
Meezan Bank,UI_COLOR#USABILITY,positive,"""Very safe, nice ui and",ui,safe
Meezan Bank,UI_UX#DESIGN,negative,"The transaction experience is very bad and also the design looks very old, I think the last version was working fine I don't why they have changed and if there was need they should have come with the better solution add dark them plz.","mobile, design",old
Meezan Bank,UI_UX#DESIGN,positive,"The App is excellent. Right now, the app lets us hide our balance on the dashboard screen, which is great for privacy. But when we send money, the balance still shows up. It would be really helpful if the balance could stay hidden during the money transfer process too. This way, we can keep our balance private at all times, even when other people are around.","UI, OTP or PIN, balance","clean, great for privacy, not as aesthetically pleasing, Nice"
Meezan Bank,UTILITIES#PERFORMANCE,negative,I am unable to add electricity bill (IESCO) This needs to be fixed. the load time is so much compare to classic,electricity bill (IESCO),unable to add
UBL Digital,APP#COST_FEEDBACK,positive,Mobile bundles please ad krdo low price SA start krna.,mobile bundles,
UBL Digital,APP#DESIGN_FEEDBACK,positive,Where is so good looking app well organized,app,"good looking, well organized"
UBL Digital,APP#FEATURES,neutral,Mana Smart account open krna cha or Mena apni city ki branch select ki tu select nhi hu rhi beht,"behtareen banking app, behtarin digital system, Mana Smart account",
UBL Digital,APP#GENERAL_EXPERIENCE,neutral,I will check,,
UBL Digital,APP#GENERAL_EXPERIENCE,positive,"UBL Digital Application is a very high-quality service provider. It should be further enhanced with facilities like mobile packages, government fees, and Nadra e-Sahulat for land owner fee submission. I am satisfied. APREICIATE TO THIS APPLICATION i m satisfied excellent üëå & great work.","Nadra e-Sahulat, Experience, APPLICIATION, experience, aap, workk, Atm Machines, UBL, soo Wonder full UBL, serivce, technologyvand, mobile packages, aaps","high-quality, best, Great, satisfied, Excellent, helpful, happy, Amazing, great, Professional, amazing, nice, good, APREICIATE, fantastic, love, improve, excellent, like, Good"
UBL Digital,APP#PERFORMANCE,neutral,SBL customers will be able to use your application,SBL customers,
UBL Digital,APP#USABILITY,positive,I have been using it for seven years. Overall a good experience. Very easy to use Very good it's very useful for me Easy to Use all features Easy To Use‚ù§Ô∏è exceptionaleasy to use. love it Easy to use and safe Easy to used and safe feeling best by using this platform. its very useful fast and much easy to used i really enjoy it.,"safe, platform, features, use","esy, Easy to Use, best, nice, Smooth, useful, good, Easy, easy"
UBL Digital,APP#USABILITY_FEATURES,negative,"The UBL Digital App shows your remaining balance as you type the transfer amount in real-time. It instantly deducts the amount while you're entering it. This completely defeats the purpose of hiding your account balance. If you're with someone or in a public place, anyone nearby can easily see your balance changing on-screen.","Biometric verification function, raast, UBL Digital App","not like, frustrating"
UBL Digital,APP#USABILITY_FEATURES,positive,"Using the UBL Digital app feels like carrying a mini bank in my pocket way smarter and faster. No more queues, no more paperwork. Just a few taps, and my work is done. From sending money to paying bills, everything is smooth, quick thanks ubl. The UBL app is user-friendly, fast, and reliable.","ubl digital app, interface, online banking app, ease of use, UBL app, Application, ubl app, UBL Digital app, UBL App, app, Mezan Bank Apps","easy to use, enjoying, secure, Best, user-friendly, best, Excellent, helpful, useful, good, excellent, smarter, Great, recommend, Good, friendly, easy"
UBL Digital,BANK_REPUTATION,neutral,The year 2013 was marked by a series of high-profile incidents involving the death of former President George W. Bush and the resignation of Barack Obama.,ubl,
UBL Digital,BANK_REPUTATION,positive,Bank of Pakistan is one of the most popular and reliable Bank of Pakistan. Thank you UBL for being a reliable and reliable bank.,"ubl, UBL, v v vgood, amzing bank","THANK YOU, nice, like, unbelievable, great, popular"
UBL Digital,BIOMETRIC#LOGIN_ISSUES,negative,"I m trying to create a new account through the app, but when I receive the OTP the app doesn‚Äôt allow me to type it. I have tried restarting the app and my phone but the issue persists. Please fix this bug as it‚Äôs preventing users from completing the registration process.","input field, car lone option, keyboard",
UBL Digital,BIOMETRIC#PERFORMANCE,negative,"UBL's approach to biometric security is deeply flawed and user-unfriendly. The mandatory physical branch visit for biometric verification upon device change is an unacceptable inconvenience in today's digital age. In-app fingerprint scanning option consistently fails, rendering it a useless feature.","biometric, in-app alternative",cumbersome
UBL Digital,BRANCH_SERVICE,negative,"Service is inaceesible, please solve this issue all. App is good , Easy to understand but in weak 2 or 3 time service is in weak. They have the worst experience if it comes to issue resolution. Their application had a payment issue, and i asked them to fix it and they didnt fix the glitch for a whole week, and they kept saying they would fix it.","service center, salary, Help line, ATM, msg appearing, cutsomer representatives, comment row, service, staff, coustemer service, Akbar Meri Kal","disappointing, therd class, inaccessible, poor, useless, inaceesible, disappointed, bad, pathetic, not satisfied, servicec inaccesible, misbehaviour, not available, incessible"
UBL Digital,CUSTOMER_SUPPORT,neutral,"I have dealt with UBL, but haven‚Äôt opened an account yet. Now, by using the bank and the app, I‚Äôll decide whether it‚Äôs good or bad. Is here any rewards from UBL for the Overseas Customer who","UBL, rewards",good or bad
UBL Digital,DELIVERY_RELATED_FEEDBACK,negative,Jab amount send kar di jay tab hai receipt send karny wala option thek tha new version main nahe,,
UBL Digital,DELIVERY_RELATED_FEEDBACK,neutral,CNN.com will,receipt,recipe
UBL Digital,DELIVERY_RELATED_FEEDBACK,positive,Easypaisa,,
UBL Digital,DEVICE#PERFORMANCE,negative,"Car loan section keeps crashing, after last update. too much slow and lacking unable to Write OPT only scrolling not processed more after entering amount plz fix it waiting for reply car loan option is not working it's restarting the app. slow working with Redmi 9c not working today.","Redmi 9c, car loan option, Car loan section","slow, crashing, unable"
UBL Digital,DEVICE#PERFORMANCE,positive,"It is more smooth and most comfortable to use UBL, now it is connected with UBL Whatsapp banking very nice working ubl Easy and fast, best experience. feel free and safe nice work very fast it's working result amazing. Too fast and working 24/7 smooth and easy Fast Easy Good Fast Easy good easy and safe fast and perfect.","ubl, Easy, Fast","free, efficient, amazing, best, fast, nice, good, excellent, smooth, easy, Good, Easy, Fast"
UBL Digital,LOCATION_FEEDBACK_MISC,,Great üëç and,,Great
UBL Digital,LOCATION_FEEDBACK_MISC,positive,Mashallah Mashallah Good & smoothly experience... biznis krna ha ubl pr ayo maze kro... jazz cash option ni hi q new update me jazzcash option q ni hi very NYC and reliable mashallah very good experience ubl.app.. May Allah bless you UBL all team ..ameen bkwas mank k nizam Pakistan k manhoos bank ky account.,"bkwas mank k nizam Pakistan, Buth Hii Aaala Haii, jazz cash option q ni hi, mashallah, UBL, masttt ha boss, se bhe opar, Mashallah Mashallah","reliable, super, good, Good, great"
UBL Digital,MISC#APP_FEEDBACK,negative,I have one curry pleqse resolve it i can't complete the transaction on payment time system is buffering only not completing the transaction please resolve this issue thank you.,curry pleqse,
UBL Digital,MISC#APP_FEEDBACK,positive,very nice sarvis,nass,good
UBL Digital,Miscellaneous,negative,"UBL Digital App is a reliable mobile banking tool offering fund transfers, bill payments, and mobile top-ups with ease. Its user-friendly design and secure features like biometric login ensure convenience and safety. However, occasional slow performance and limited transaction alerts can be improved. Overall, it‚Äôs a handy solution for managing banking needs anytime, anywhere.","SIM, performance, Services, CNIC, mobile, internet service, ATM card, APP","slow, Cheap Quality, could not succeed, bad"
UBL Digital,Miscellaneous,positive,"UBL Digital Application is a very high-quality service provider. It should be further enhanced with facilities like mobile packages, government fees, and Nadra e-Sahulat for land owner fee submission. please add an option to save payment apart from share option best banking app in terms of reliability Changed rating from 1 to 5 Satisfied now.","banking app, government fees, rating, processed very quickly, transactions","high-quality, Satisfied, best, good, processed very quickly"
UBL Digital,SCREEN#ISSUES,negative, unable to send money. screen keeps reloading on review payment. Stuck on,"""enter pin"" screen, screen",Stuck
UBL Digital,SCREEN#ISSUES,neutral,"Show detail statement amount weekly, monthly",detail statement,weekly
UBL Digital,SUPPORT#PERFORMANCE,negative,"The app is extremely slow, crashes frequently, and fails to complete basic transactions like fund transfers. It's disappointing that such a major bank can't maintain a reliable app for its users. I'm unable to link my raast id. Always shows a pop saying ""FAILURE"" Will edit my review if this issue is resolved.","api response, customer support, OTPs","Unable to receive, not responsive"
UBL Digital,SUPPORT#PERFORMANCE,neutral,"Commenting while making a payment is no longer available. Please re-enable this feature, as it's helpful to note the reason for each payment.",payment,helpful
UBL Digital,SUPPORT#PERFORMANCE,positive,Not good for transactions. At,,Good
UBL Digital,SYSTEM#PERFORMANCE,negative,The Pad Pad is not opening,otp Pad,
UBL Digital,SYSTEM#PERFORMANCE,positive,"UBL Digital App is an absolute game changer! Super fast, highly secure and the smooth, elegant UI makes banking a pure delight. Just one humble request: kindly add direct mobile package activation (Jazz, Zong, Telenor, Ufone) ‚Äî this feature will make it flawless. UBL, you‚Äôve set a new benchmark in digital banking!","UI, mobile package activation","smooth, elegant"
UBL Digital,UI_COLOR#USABILITY,positive,The best UI and ease of use for any mobile banking app in Pakistan. Simply,UI,best
UBL Digital,UI_UX#DESIGN,positive,Ui design so awesome please make safe,Ui design,"safe, awesome"
UBL Digital,UTILITIES#PERFORMANCE,negative,"The UBL digital app is not updating the AJ&K electricity bills, so one cannot pay the bill through this app. Not working properly It's been hurting for three",AJ&K electricity bills,"not updating, Not working properly"
UBL Digital,UTILITIES#POWER_ISSUE,positive,CEO of GENESYS Power,GENESYS POWER SOLUTIONS,Great
